668ae3cc553cdba3e2183643f0a9c74bf05eafde,DELETE,regular-file,server/uploads/1dbff2804888f0fce339e45040778f3f,1701735,
8864fc4e863090677e319209188b7e4779ca15bb,DELETE,regular-file,server/uploads/3abee6e830b3d0b2c7d0f98fc4f98896,3062371,
668ae3cc553cdba3e2183643f0a9c74bf05eafde,DELETE,regular-file,server/uploads/3d7ee8ab11a8994400cfb66fb744b233,1701735,
668ae3cc553cdba3e2183643f0a9c74bf05eafde,DELETE,regular-file,server/uploads/5bdf534f1020ea5c74b814d2f2e2d21e,1701735,
668ae3cc553cdba3e2183643f0a9c74bf05eafde,DELETE,regular-file,server/uploads/817bbb4d9b7a89be67a2f602d876f1d1,1701735,
668ae3cc553cdba3e2183643f0a9c74bf05eafde,DELETE,regular-file,server/uploads/92085fea3572d8939cd6967ce938c351,1701735,
668ae3cc553cdba3e2183643f0a9c74bf05eafde,DELETE,regular-file,server/uploads/95089bc2399c755572dae8ba35c83114,1701735,
668ae3cc553cdba3e2183643f0a9c74bf05eafde,DELETE,regular-file,server/uploads/a560b47ad667e6ffb4ce3b2b417aa70e,1701735,
668ae3cc553cdba3e2183643f0a9c74bf05eafde,DELETE,regular-file,server/uploads/c6815ca44275528c861bfb44128885ba,1701735,
668ae3cc553cdba3e2183643f0a9c74bf05eafde,DELETE,regular-file,uploads/05f58d258208b8249d24be1c2bc60649,1701735,
668ae3cc553cdba3e2183643f0a9c74bf05eafde,DELETE,regular-file,uploads/07b76ed4f713d5d7f6b71a27509bb4bf,1701735,
668ae3cc553cdba3e2183643f0a9c74bf05eafde,DELETE,regular-file,uploads/1ab7f4c405756900095ee88e659374e7,1701735,
747964bd157fa1ed8f0a2f4fe6f579a54d0f1bd3,DELETE,regular-file,uploads/1cd39c9a83e82fbc4eecdb75491f858f,1173105,
668ae3cc553cdba3e2183643f0a9c74bf05eafde,DELETE,regular-file,uploads/441b9ac2b5981abdfda689a70e6bfed1,1701735,
668ae3cc553cdba3e2183643f0a9c74bf05eafde,DELETE,regular-file,uploads/7a8e72b15b8800e2576a6a6023a95d1f,1701735,
668ae3cc553cdba3e2183643f0a9c74bf05eafde,DELETE,regular-file,uploads/8c3a5b85f325e648a732b72b725affbc,1701735,
668ae3cc553cdba3e2183643f0a9c74bf05eafde,DELETE,regular-file,uploads/8f6fc538574dd3a589f8ff0b91a8c850,1701735,
668ae3cc553cdba3e2183643f0a9c74bf05eafde,DELETE,regular-file,uploads/c411c8949781753544c4a87b320c47a4,1701735,
747964bd157fa1ed8f0a2f4fe6f579a54d0f1bd3,DELETE,regular-file,uploads/c806a6a081a98c57445d6e677047a06e,1173105,
668ae3cc553cdba3e2183643f0a9c74bf05eafde,DELETE,regular-file,uploads/d7fbfe8cabd215d43c03a211ebbb3b56,1701735,
